id,name,join_date
96,Charlie Williams,09-26-2022
112,David Williams,2018.05.15
75,Charlie Smith,2017.07.14
171,Charlie Brown,2020.06.05
163,Alice Brown,2023.07.16
102,Eve Smith,2012.05.08
186,Eve Brown,13/09/2022
183,David Williams,2011.12.26
71,Bob Johnson,03-14-2022
95,Bob Williams,2013.12.13
24,Alice Williams,03/12/2013
134,David Brown,24/04/2022
66,Alice Smith,2016.07.01
85,Eve Williams,2012.01.04
142,Bob Brown,2015.07.26
6,Alice Williams,04-17-2017
31,Bob Smith,23/10/2017
175,Eve Williams,08/09/2014
114,David Williams,18/08/2016
83,Bob Brown,01/04/2019
121,David Williams,03/12/2011
38,Bob Johnson,2017.03.20
131,Alice Smith,06/06/2010
194,Alice Johnson,01-27-2015
87,David Williams,2020.07.21
22,Eve Smith,2023.03.13
188,Charlie Johnson,08-16-2010
0,Bob Williams,16/03/2010
55,David Johnson,20/05/2020
179,Bob Brown,2010.10.13
118,Eve Smith,12-14-2011
4,Bob Williams,2010.03.04
91,Charlie Johnson,05-10-2019
170,Alice Smith,2022.01.17
105,Bob Johnson,27/07/2016
25,Alice Smith,04-16-2020
106,Alice Smith,02/02/2021
167,Alice Williams,02/06/2015
177,David Williams,2018.07.16
1,Alice Johnson,12-18-2011
62,David Johnson,2017.08.16
168,Alice Johnson,07-24-2016
104,Charlie Brown,2011.08.28
80,David Williams,2020.11.27
49,Alice Smith,2015.11.19
46,Charlie Williams,28/10/2012
18,Alice Williams,06/09/2010
6,Alice Williams,04-17-2017
39,Charlie Smith,01-26-2023
47,Charlie Williams,2023.09.22
23,Bob Johnson,10-12-2011
92,Bob Brown,03-02-2017
94,Bob Williams,28/07/2015
98,Alice Williams,12-25-2016
78,David Brown,11/10/2021
26,Charlie Williams,20/08/2023
175,Eve Williams,08/09/2014
45,Bob Smith,06/08/2019
8,Bob Smith,2020.06.14
37,David Smith,17/04/2010
97,Eve Williams,10-18-2010
149,Eve Brown,08-09-2017
21,Bob Brown,06-24-2020
133,Alice Smith,2011.04.05
187,Eve Brown,01-04-2019
88,Bob Johnson,13/07/2021
130,Alice Brown,06-04-2016
140,Charlie Smith,2017.08.20
63,Charlie Johnson,2011.04.01
156,Charlie Smith,09-01-2023
33,David Johnson,08-16-2010
198,David Williams,01-25-2019
60,Alice Johnson,2020.10.22
15,Alice Johnson,07-19-2019
22,Eve Smith,2023.03.13
116,Bob Smith,2015.03.27
73,Bob Williams,10-10-2022
122,Bob Williams,2010.12.15
182,David Johnson,17/01/2022
20,Eve Williams,2018.10.20
16,Alice Smith,04-27-2020
127,Charlie Johnson,10/11/2021
138,Bob Johnson,07-13-2022
110,Eve Smith,02/08/2011
163,Alice Brown,2023.07.16
132,Bob Brown,24/05/2014
162,Alice Williams,06-04-2015
48,Charlie Johnson,09-11-2018
147,Bob Smith,01-01-2020
191,David Williams,13/04/2020
4,Bob Williams,2010.03.04
161,Alice Johnson,2011.07.04
160,Bob Johnson,21/12/2015
68,Charlie Johnson,09-11-2015
155,Eve Johnson,2018.08.07
178,Charlie Brown,01-15-2016
14,David Smith,03-04-2019
89,Charlie Williams,2018.11.25
164,Charlie Williams,2010.04.23
169,Bob Smith,2011.03.14
108,Alice Williams,13/11/2021
146,Eve Williams,2011.10.01
166,David Smith,23/06/2019
82,Alice Smith,2020.04.11
135,David Williams,18/02/2013
143,Alice Smith,20/06/2021
165,Bob Williams,26/12/2021
68,Charlie Johnson,09-11-2015
124,David Smith,2018.08.13
176,Eve Smith,09/06/2019
58,Eve Brown,16/06/2016
117,Eve Johnson,17/07/2016
148,Alice Johnson,2014.07.15
47,Charlie Williams,2023.09.22
9,Charlie Johnson,2017.12.03
69,Alice Smith,05-28-2012
56,Charlie Brown,12-18-2021
72,Alice Brown,06-22-2022
154,Eve Smith,07-16-2023
99,Eve Brown,21/11/2014
174,David Williams,22/04/2010
196,David Johnson,23/04/2022
190,Charlie Johnson,2011.03.01
159,Eve Smith,2014.04.16
172,Alice Johnson,2015.04.22
150,Charlie Johnson,10/08/2018
17,Alice Johnson,08/08/2010
151,Charlie Smith,09-03-2019
5,Charlie Brown,2013.01.13
126,Bob Williams,01/12/2012
28,Eve Smith,19/01/2020
36,Charlie Smith,2012.11.05
180,Bob Williams,2023.10.24
145,Eve Johnson,2022.11.23
62,David Johnson,2017.08.16
81,Charlie Smith,01/06/2022
52,Eve Johnson,10-24-2011
53,Bob Johnson,11-04-2017
123,Bob Johnson,2018.11.17
86,David Johnson,15/09/2015
105,Bob Johnson,27/07/2016
158,Bob Johnson,08-09-2023
34,Bob Brown,2016.09.23
100,Charlie Johnson,09-18-2011
40,Bob Williams,07-16-2015
153,David Williams,20/02/2017
189,Eve Johnson,06-17-2021
109,David Brown,01-13-2017
32,David Johnson,09-06-2013
193,David Smith,10-09-2020
79,Bob Johnson,01-03-2018
4,Bob Williams,2010.03.04
77,David Johnson,05/11/2012
125,David Johnson,2010.05.26
74,Charlie Williams,16/12/2016
132,Bob Brown,24/05/2014
173,Eve Brown,2011.05.10
64,Eve Brown,19/05/2014
144,Alice Brown,14/11/2011
152,Bob Williams,09-15-2021
11,Eve Williams,04-17-2018
103,Eve Williams,11-01-2019
2,Alice Smith,2023.11.26
13,Bob Brown,11-22-2021
181,David Smith,12-13-2017
107,Alice Williams,2015.06.03
84,Alice Williams,14/10/2020
129,Eve Smith,03-02-2020
35,David Smith,2016.02.04
199,Alice Johnson,07-01-2012
178,Charlie Brown,01-15-2016
67,Charlie Johnson,16/10/2021
115,Bob Brown,07-23-2011
51,David Williams,2023.12.24
182,David Johnson,17/01/2022
30,Charlie Johnson,06-13-2017
50,Bob Smith,06-18-2011
44,Charlie Brown,2015.03.01
17,Alice Johnson,08/08/2010
42,Alice Johnson,2014.07.13
59,Bob Brown,28/11/2023
197,Bob Smith,16/10/2012
125,David Johnson,2010.05.26
61,Alice Johnson,12/06/2022
141,Bob Williams,06-07-2017
7,Alice Smith,03-05-2018
10,Charlie Johnson,28/03/2019
119,Bob Brown,23/09/2014
120,Bob Johnson,08/01/2021
57,Charlie Williams,22/10/2023
113,Charlie Brown,26/04/2010
137,Eve Johnson,05-03-2021
90,David Smith,10-09-2014
195,Bob Williams,2021.12.19
101,David Williams,20/02/2023
93,Alice Smith,2018.04.14
136,Eve Williams,16/12/2011
3,Charlie Smith,2021.09.19
99,Eve Brown,21/11/2014
70,David Johnson,14/07/2010
184,Eve Johnson,18/08/2021
31,Bob Smith,23/10/2017
43,Eve Brown,08-07-2017
12,Alice Smith,06-11-2022
19,Eve Williams,04-08-2017
157,Alice Brown,2023.06.05
192,Charlie Brown,04-04-2011
54,David Williams,06/05/2016
65,Bob Williams,09-11-2017
185,Eve Williams,2011.08.04
111,Eve Brown,16/12/2014
57,Charlie Williams,22/10/2023
157,Alice Brown,2023.06.05
41,Eve Williams,16/09/2018
70,David Johnson,14/07/2010
27,David Johnson,2011.01.23
29,Alice Johnson,2012.04.01
76,David Smith,09/08/2017
139,David Brown,05-21-2015
128,Eve Williams,2019.03.08
