name,email,age
Bob Johnson,bob.johnson@gmail.com,44
Ivan Davis,ivan.davis@example.com,46
David Jones,,24
David Davis,david.davis@outlook.com,34
Charlie Martinez,,52
Charlie Garcia,charlie.garcia@yahoo.com,32
Charlie Brown,charlie.brown@example.com,42
Alice Smith,,61
David Williams,david.williams@yahoo.com,40
Ivan Jones,ivan.jones@gmail.com,24
Bob Rodriguez,,26
,david.miller@gmail.com,53
Alice Williams,alice.williams@gmail.com,57
Eve Garcia,eve.garcia@yahoo.com,61
Eve Rodriguez,eve.rodriguez@gmail.com,29
Frank Williams,frank.williams@yahoo.com,55
Heidi Martinez,heidi.martinez@outlook.com,23
Ivan Jones,ivan.jones@yahoo.com,21
Heidi Miller,heidi.miller@outlook.com,22
Heidi Williams,,28
Ivan Miller,ivan.miller@example.com,68
Judy Johnson,judy.johnson@outlook.com,56
Charlie Martinez,charlie.martinez@gmail.com,32
David Miller,david.miller@outlook.com,27
Heidi Smith,heidi.smith@example.com,34
Charlie Brown,charlie.brown@example.com,60
Bob Williams,bob.williams@outlook.com,66
David Brown,david.brown@example.com,51
Eve Johnson,eve.johnson@yahoo.com,49
Charlie Smith,charlie.smith@outlook.com,60
Grace Jones,grace.jones@example.com,37
Ivan Brown,ivan.brown@example.com,
Bob Miller,,41
Grace Williams,grace.williams@example.com,32
Charlie Martinez,charlie.martinez@yahoo.com,49
,charlie.garcia@example.com,20
David Smith,david.smith@yahoo.com,66
Bob Williams,bob.williams@gmail.com,59
Heidi Davis,heidi.davis@example.com,54
Heidi Williams,heidi.williams@example.com,39
Bob Jones,bob.jones@gmail.com,34
Charlie Johnson,charlie.johnson@gmail.com,68
Bob Garcia,bob.garcia@outlook.com,32
Alice Smith,alice.smith@example.com,57
Alice Martinez,alice.martinez@example.com,21
David Brown,david.brown@outlook.com,55
Charlie Davis,charlie.davis@gmail.com,21
Alice Johnson,alice.johnson@example.com,69
Bob Brown,bob.brown@yahoo.com,27
Frank Rodriguez,,67
Eve Johnson,,53
Bob Davis,bob.davis@example.com,36
Judy Garcia,judy.garcia@yahoo.com,64
,frank.smith@outlook.com,61
Eve Martinez,eve.martinez@outlook.com,45
Grace Miller,,26
Eve Martinez,,58
Heidi Miller,heidi.miller@example.com,24
David Davis,,20
David Brown,david.brown@yahoo.com,23
Ivan Miller,ivan.miller@yahoo.com,57
Heidi Brown,heidi.brown@outlook.com,63
Bob Davis,bob.davis@example.com,46
Eve Miller,eve.miller@gmail.com,20
David Martinez,david.martinez@yahoo.com,42
David Davis,david.davis@example.com,22
Ivan Rodriguez,ivan.rodriguez@gmail.com,49
Charlie Garcia,charlie.garcia@example.com,33
David Martinez,david.martinez@example.com,31
Heidi Miller,heidi.miller@gmail.com,56
David Garcia,david.garcia@yahoo.com,60
Eve Garcia,,55
David Jones,,57
Bob Smith,bob.smith@yahoo.com,
Ivan Miller,ivan.miller@example.com,39
,alice.brown@example.com,22
Alice Johnson,alice.johnson@example.com,58
Heidi Davis,heidi.davis@gmail.com,56
,bob.johnson@outlook.com,47
Bob Brown,bob.brown@yahoo.com,30
Eve Rodriguez,eve.rodriguez@outlook.com,57
Alice Martinez,alice.martinez@outlook.com,
David Davis,,25
Eve Davis,eve.davis@outlook.com,56
Charlie Miller,charlie.miller@yahoo.com,35
Eve Miller,eve.miller@gmail.com,29
Heidi Williams,heidi.williams@gmail.com,36
Eve Jones,eve.jones@yahoo.com,61
Bob Martinez,,53
Frank Johnson,frank.johnson@outlook.com,66
Eve Miller,eve.miller@example.com,43
Frank Davis,frank.davis@yahoo.com,25
Bob Jones,bob.jones@gmail.com,42
Grace Miller,grace.miller@gmail.com,44
Alice Jones,alice.jones@example.com,25
Alice Williams,alice.williams@yahoo.com,23
Grace Jones,grace.jones@example.com,23
Alice Williams,alice.williams@yahoo.com,20
Judy Jones,judy.jones@yahoo.com,53
David Martinez,david.martinez@gmail.com,31
Grace Davis,grace.davis@gmail.com,27
Alice Martinez,alice.martinez@yahoo.com,32
Ivan Garcia,,35
Judy Rodriguez,,52
Heidi Brown,heidi.brown@gmail.com,34
Eve Smith,eve.smith@example.com,48
Bob Rodriguez,bob.rodriguez@example.com,46
Bob Williams,bob.williams@yahoo.com,51
Grace Brown,grace.brown@gmail.com,42
Alice Brown,alice.brown@outlook.com,33
Heidi Williams,heidi.williams@yahoo.com,21
,ivan.martinez@example.com,38
David Jones,david.jones@yahoo.com,59
Alice Brown,alice.brown@gmail.com,32
Heidi Brown,heidi.brown@yahoo.com,18
Eve Jones,eve.jones@yahoo.com,22
Charlie Johnson,charlie.johnson@outlook.com,27
Eve Davis,eve.davis@gmail.com,29
David Brown,david.brown@outlook.com,61
,alice.jones@example.com,55
Alice Miller,alice.miller@yahoo.com,46
Bob Johnson,bob.johnson@gmail.com,53
Eve Rodriguez,eve.rodriguez@gmail.com,18
Frank Rodriguez,frank.rodriguez@gmail.com,37
Alice Davis,alice.davis@example.com,24
Eve Williams,eve.williams@yahoo.com,48
David Garcia,david.garcia@outlook.com,39
Ivan Garcia,ivan.garcia@yahoo.com,50
Eve Rodriguez,eve.rodriguez@yahoo.com,29
Charlie Williams,charlie.williams@gmail.com,
Charlie Smith,charlie.smith@example.com,26
David Brown,david.brown@yahoo.com,22
Bob Jones,bob.jones@example.com,25
Charlie Davis,charlie.davis@yahoo.com,52
David Garcia,david.garcia@yahoo.com,23
Charlie Williams,charlie.williams@yahoo.com,31
Grace Davis,grace.davis@gmail.com,44
Alice Williams,alice.williams@example.com,26
Charlie Martinez,charlie.martinez@yahoo.com,70
Ivan Garcia,ivan.garcia@example.com,29
Frank Davis,frank.davis@outlook.com,70
Bob Williams,bob.williams@example.com,60
Eve Johnson,eve.johnson@yahoo.com,47
Charlie Rodriguez,charlie.rodriguez@example.com,21
Bob Rodriguez,bob.rodriguez@outlook.com,22
,heidi.johnson@yahoo.com,61
Alice Davis,alice.davis@gmail.com,48
Heidi Rodriguez,heidi.rodriguez@example.com,35
Charlie Johnson,charlie.johnson@yahoo.com,41
Alice Williams,alice.williams@yahoo.com,18
Charlie Rodriguez,charlie.rodriguez@gmail.com,20
Grace Williams,grace.williams@example.com,69
Charlie Smith,charlie.smith@example.com,25
,bob.martinez@gmail.com,45
David Johnson,david.johnson@outlook.com,32
Alice Miller,alice.miller@gmail.com,35
Heidi Williams,heidi.williams@gmail.com,
Judy Jones,judy.jones@outlook.com,28
Charlie Rodriguez,charlie.rodriguez@gmail.com,60
Judy Martinez,judy.martinez@example.com,51
Charlie Miller,charlie.miller@gmail.com,40
Grace Williams,grace.williams@yahoo.com,39
Ivan Brown,ivan.brown@example.com,26
Judy Davis,judy.davis@outlook.com,58
Heidi Davis,heidi.davis@example.com,48
Frank Garcia,frank.garcia@gmail.com,24
Bob Rodriguez,bob.rodriguez@gmail.com,60
Alice Jones,alice.jones@example.com,33
Frank Miller,frank.miller@outlook.com,50
Charlie Jones,charlie.jones@example.com,37
David Rodriguez,david.rodriguez@example.com,46
Frank Rodriguez,frank.rodriguez@outlook.com,21
Bob Smith,bob.smith@example.com,46
David Miller,david.miller@example.com,
Heidi Rodriguez,heidi.rodriguez@yahoo.com,32
,frank.martinez@yahoo.com,58
Charlie Brown,charlie.brown@outlook.com,44
,frank.williams@outlook.com,70
Ivan Martinez,ivan.martinez@example.com,60
Alice Miller,alice.miller@outlook.com,65
Judy Martinez,judy.martinez@outlook.com,
Eve Miller,eve.miller@example.com,18
Eve Johnson,eve.johnson@yahoo.com,47
Frank Smith,frank.smith@example.com,53
Grace Jones,grace.jones@example.com,19
David Davis,david.davis@gmail.com,42
Bob Martinez,bob.martinez@example.com,62
Eve Miller,eve.miller@yahoo.com,29
David Jones,david.jones@example.com,
Charlie Rodriguez,charlie.rodriguez@outlook.com,25
Frank Smith,frank.smith@example.com,
Grace Garcia,grace.garcia@yahoo.com,49
Alice Rodriguez,alice.rodriguez@example.com,34
Judy Brown,judy.brown@yahoo.com,51
Alice Rodriguez,alice.rodriguez@gmail.com,49
,judy.smith@gmail.com,38
Charlie Jones,charlie.jones@example.com,35
Heidi Garcia,heidi.garcia@gmail.com,45
Bob Jones,bob.jones@outlook.com,19
Bob Jones,bob.jones@yahoo.com,23
Ivan Brown,ivan.brown@outlook.com,66
Bob Brown,bob.brown@outlook.com,52
Charlie Smith,charlie.smith@example.com,58
Heidi Davis,heidi.davis@example.com,61
Alice Davis,alice.davis@yahoo.com,39
Eve Jones,eve.jones@outlook.com,21
Grace Miller,grace.miller@example.com,27
Ivan Brown,ivan.brown@yahoo.com,67
Charlie Davis,charlie.davis@gmail.com,30
Eve Davis,eve.davis@example.com,68
David Garcia,david.garcia@example.com,31
David Martinez,david.martinez@example.com,63
Heidi Smith,heidi.smith@outlook.com,56
Alice Davis,,26
,judy.rodriguez@gmail.com,28
David Miller,david.miller@gmail.com,42
Eve Smith,eve.smith@example.com,69
Bob Garcia,bob.garcia@outlook.com,60
David Williams,,51
Charlie Miller,charlie.miller@outlook.com,63
Alice Martinez,alice.martinez@example.com,58
Alice Johnson,alice.johnson@gmail.com,22
Frank Martinez,frank.martinez@outlook.com,38
Judy Davis,,46
Charlie Miller,charlie.miller@yahoo.com,34
Eve Davis,eve.davis@yahoo.com,45
Eve Brown,eve.brown@gmail.com,19
Ivan Williams,ivan.williams@gmail.com,24
Eve Williams,eve.williams@gmail.com,33
Bob Johnson,bob.johnson@yahoo.com,63
Charlie Williams,charlie.williams@outlook.com,60
Frank Martinez,frank.martinez@yahoo.com,50
Alice Davis,,52
Bob Davis,bob.davis@gmail.com,21
Frank Williams,frank.williams@outlook.com,27
Charlie Brown,charlie.brown@gmail.com,58
Charlie Miller,charlie.miller@gmail.com,25
David Martinez,david.martinez@example.com,46
Eve Jones,,34
Eve Brown,eve.brown@gmail.com,40
Eve Miller,eve.miller@outlook.com,64
,david.smith@gmail.com,20
,frank.rodriguez@gmail.com,20
,david.rodriguez@outlook.com,31
,david.smith@example.com,66
,judy.rodriguez@outlook.com,50
,grace.smith@gmail.com,46
Frank Johnson,frank.johnson@gmail.com,28
David Martinez,david.martinez@gmail.com,32
Charlie Johnson,charlie.johnson@yahoo.com,32
